# Задача 1

### Используя docker поднимите инстанс PostgreSQL (версию 12) c 2 volume, в который будут складываться данные БД и бэкапы. Приведите получившуюся команду или docker-compose манифест.

```
version: "3.8"
services:
  postgres:
    container_name: "postgres"
    image: postgres:12
    environment:
      POSTGRES_PASSWORD: "password"
      POSTGRES_DB: "test_db"
      PGDATA: "/var/lib/postgresql/data/pgdata"
    volumes:
      - vol_1:/var/lib/postgresql/data/
      - vol_2:/var/lib/postgresql/backup/  
    ports: 
      - "5432:5432"
volumes:
  vol_1:
  vol_2:

```
```
vagrant@vagrant:/vagrant$ docker exec -it 06e3ce84e676 bash
root@06e3ce84e676:/# psql -U postgres -d test_db
psql (12.10 (Debian 12.10-1.pgdg110+1))
Type "help" for help.

test_db=# \l
                                 List of databases
   Name    |  Owner   | Encoding |  Collate   |   Ctype    |   Access privileges
-----------+----------+----------+------------+------------+-----------------------
 postgres  | postgres | UTF8     | en_US.utf8 | en_US.utf8 |
 template0 | postgres | UTF8     | en_US.utf8 | en_US.utf8 | =c/postgres          +
           |          |          |            |            | postgres=CTc/postgres
 template1 | postgres | UTF8     | en_US.utf8 | en_US.utf8 | =c/postgres          +
           |          |          |            |            | postgres=CTc/postgres
 test_db   | postgres | UTF8     | en_US.utf8 | en_US.utf8 |
(4 rows)
```

# Задача 2

### В БД из задачи 1:

- ### создайте пользователя test-admin-user и БД test_db

```
postgres=# CREATE ROLE test_admin_user WITH LOGIN;
```
- ### в БД test_db создайте таблицу orders и clients (спeцификация таблиц ниже)

```
postgres=# \connect test_db
You are now connected to database "test_db" as user "postgres".
test_db=# CREATE TABLE orders (id serial PRIMARY KEY, наименование TEXT NOT NULL, цена INT NOT NULL);
test_db=# CREATE TABLE clients (id serial PRIMARY KEY, фамилия TEXT, страна_проживания TEXT, заказ INT, FOREIGN KEY (заказ) REFERENCES orders (id));
```
- ### предоставьте привилегии на все операции пользователю test-admin-user на таблицы БД test_db

```
postgres=# GRANT ALL PRIVILEGES ON DATABASE test_db TO test_admin_user;
```
- ### создайте пользователя test-simple-user

```
test_db=# CREATE ROLE test_simple_user LOGIN;
```
- ### предоставьте пользователю test-simple-user права на SELECT/INSERT/UPDATE/DELETE данных таблиц БД test_db

```
test_db=# GRANT SELECT ON TABLE orders TO test_simple_user;
GRANT
test_db=# GRANT INSERT ON TABLE orders TO test_simple_user;
GRANT
test_db=# GRANT UPDATE ON TABLE orders TO test_simple_user;
GRANT
test_db=# GRANT DELETE ON TABLE orders TO test_simple_user;
GRANT
test_db=# GRANT DELETE ON TABLE clients TO test_simple_user;
GRANT
test_db=# GRANT UPDATE ON TABLE clients TO test_simple_user;
GRANT
test_db=# GRANT INSERT ON TABLE clients TO test_simple_user;
GRANT
test_db=# GRANT SELECT ON TABLE clients TO test_simple_user;
GRANT
```

### Таблица orders:

- ### id (serial primary key)
- ### наименование (string)
- ### цена (integer)

### Таблица clients:

- ### id (serial primary key)
- ### фамилия (string)
- ### страна проживания (string, index)
- ### заказ (foreign key orders)

### Приведите:

- ### итоговый список БД после выполнения пунктов выше,

```
test_db=# \l
 postgres  | postgres | UTF8     | en_US.utf8 | en_US.utf8 |
 template0 | postgres | UTF8     | en_US.utf8 | en_US.utf8 | =c/postgres                 +
           |          |          |            |            | postgres=CTc/postgres
 template1 | postgres | UTF8     | en_US.utf8 | en_US.utf8 | =c/postgres                 +
           |          |          |            |            | postgres=CTc/postgres
 test_db   | postgres | UTF8     | en_US.utf8 | en_US.utf8 | =Tc/postgres                +
           |          |          |            |            | postgres=CTc/postgres       +
           |          |          |            |            | test_admin_user=CTc/postgres
```
- ### описание таблиц (describe)

```
test_db=# \d orders
 id           | integer |           | not null | nextval('orders_id_seq'::regclass)
 наименование | text    |           | not null |
 цена         | integer |           | not null | 
```

```
test_db=# \d clients
 id                | integer |           | not null | nextval('clients_id_seq'::regclass)
 фамилия           | text    |           |          |
 страна_проживания | text    |           |          |
 заказ             | integer |           |          |
```

- ### SQL-запрос для выдачи списка пользователей с правами над таблицами test_db

```
test_db=# SELECT grantee, privilege_type
FROM information_schema.role_table_grants
WHERE table_name='clients';
```

```
test_db=# SELECT grantee, privilege_type
FROM information_schema.role_table_grants
WHERE table_name='orders';
```

- ### список пользователей с правами над таблицами test_db

```
WHERE table_name='clients';
 postgres         | INSERT
 postgres         | SELECT
 postgres         | UPDATE
 postgres         | DELETE
 postgres         | TRUNCATE
 postgres         | REFERENCES
 postgres         | TRIGGER
 test_simple_user | INSERT
 test_simple_user | SELECT
 test_simple_user | UPDATE
 test_simple_user | DELETE
```
```
WHERE table_name='orders';
 postgres         | INSERT
 postgres         | SELECT
 postgres         | UPDATE
 postgres         | DELETE
 postgres         | TRUNCATE
 postgres         | REFERENCES
 postgres         | TRIGGER
 test_simple_user | INSERT
 test_simple_user | SELECT
 test_simple_user | UPDATE
 test_simple_user | DELETE
```



# Задача 3

### Используя SQL синтаксис - наполните таблицы следующими тестовыми данными:

### Таблица orders

```
test_db=# INSERT INTO orders
(наименование, цена)
VALUES (Шоколад", 10),
test_db-# ( 'Принтер', 3000),
test_db-# ('Книга', 500),
test_db-# ('Монитор', 7000),
test_db-# ('Гитара', 4000);
```
```
test_db=# TABLE orders;
  1 | Шоколад      |   10
  2 | Принтер      | 3000
  3 | Книга        |  500
  4 | Монитор      | 7000
  5 | Гитара       | 4000
```

| Наименование  | Цена|
| :-------------|:---:|
| Шоколад       |10   |
| Принтер       |3000 |
| Книга         |500  |
| Монитор       |7000 |
| Гитара        |4000 |

### Таблица clients

```
test_db=# INSERT INTO clients (фамилия, страна_проживания)
test_db-# VALUES
test_db-# ('Иванов Иван Иванович', 'USA'),
test_db-# ('Петров Петр Петрович', 'Canada'),
test_db-# ('Иоганн Себастьян Бах', 'Japan'),
test_db-# ('Ронни Джеймс Дио', 'Russia'),
test_db-# ('Ritchie Blackmore', 'Russia');
INSERT 0 5
test_db=# TABLE clients;
 id |       фамилия        | страна_проживания | заказ
----+----------------------+-------------------+-------
  1 | Иванов Иван Иванович | USA               |
  2 | Петров Петр Петрович | Canada            |
  3 | Иоганн Себастьян Бах | Japan             |
  4 | Ронни Джеймс Дио     | Russia            |
  5 | Ritchie Blackmore    | Russia            |
(5 rows)
```

| ФИО                 | Страна проживания|
| :-------------------|:----------------:|
| Иванов Иван Иванович|USA               |
| Петров Петр Петрович|Canada            |
| Иоганн Себастьян Бах|Japan             |
| Ронни Джеймс Дио    |Russia            |
| Ritchie Blackmore   |Russia            |

### Используя SQL синтаксис:

 - ### вычислите количество записей для каждой таблицы

 ```
test_db=# SELECT count(*) FROM orders;
 count
-------
     5
(1 row)
 ```
 ```
test_db=# SELECT count(*) FROM clients;
 count
-------
     5
(1 row)
 ```
 - ### приведите в ответе:
    - ### запросы
    - ### результаты их выполнения.


# Задача 4

### Часть пользователей из таблицы clients решили оформить заказы из таблицы orders.
### Используя foreign keys свяжите записи из таблиц, согласно таблице:

|ФИО                 |	Заказ  |
|:-------------------|:-------:|
|Иванов Иван Иванович|	Книга  |
|Петров Петр Петрович|	Монитор|
|Иоганн Себастьян Бах|	Гитара |

### Приведите SQL-запросы для выполнения данных операций.

```
test_db=# UPDATE clients SET заказ = 3 WHERE id = 1;
UPDATE 1
test_db=# UPDATE clients SET заказ = 4 WHERE id = 2;
UPDATE 1
test_db=# UPDATE clients SET заказ = 5 WHERE id = 3;
UPDATE 1
```

### Приведите SQL-запрос для выдачи всех пользователей, которые совершили заказ, а также вывод данного запроса.

```
test_db=# SELECT * FROM clients WHERE заказ is NOT NULL;
 id |       фамилия        | страна_проживания | заказ
----+----------------------+-------------------+-------
  1 | Иванов Иван Иванович | USA               |     3
  2 | Петров Петр Петрович | Canada            |     4
  3 | Иоганн Себастьян Бах | Japan             |     5
(3 rows)
```

### Подсказкa - используйте директиву UPDATE.

# Задача 5

### Получите полную информацию по выполнению запроса выдачи всех пользователей из задачи 4 (используя директиву EXPLAIN).
```
test_db=# EXPLAIN SELECT * FROM clients WHERE заказ is NOT NULL;
                        QUERY PLAN
-----------------------------------------------------------
 Seq Scan on clients  (cost=0.00..18.10 rows=806 width=72)
   Filter: ("заказ" IS NOT NULL)
(2 rows)
```
### Приведите получившийся результат и объясните что значат полученные значения.

Выводит затраты на выполнения запроса с фильтром.


# Задача 6

### Создайте бэкап БД test_db и поместите его в volume, предназначенный для бэкапов (см. Задачу 1).
### Остановите контейнер с PostgreSQL (но не удаляйте volumes).
### Поднимите новый пустой контейнер с PostgreSQL.
### Восстановите БД test_db в новом контейнере.
### Приведите список операций, который вы применяли для бэкапа данных и восстановления.
```
 vagrant@vagrant:/var/lib$ docker exec -t postgres pg_dump -U postgres test_db -f /var/lib/postgresql/backup/dump.sql

 root@vagrant:/var/lib/docker/volumes/vagrant_vol_2/_data# ls
dump.sql

vagrant@vagrant:/var/lib$ docker run --name postgres_NEW -e POSTGRES_PASSWORD=postgres -ti -p 5433:5433 -d postgres:12

root@vagrant:/var/lib/docker/volumes/vagrant_vol_2/_data# cat dump.sql | docker exec -i postgres_NEW psql -U postgres -d test_db
SET
SET
SET
SET
SET
 set_config
------------

(1 row)

SET
SET
SET
SET
SET
SET
CREATE TABLE
ALTER TABLE
CREATE SEQUENCE
ALTER TABLE
ALTER SEQUENCE
CREATE TABLE
ALTER TABLE
CREATE SEQUENCE
ALTER TABLE
ALTER SEQUENCE
ALTER TABLE
ALTER TABLE
COPY 5
COPY 5
 setval
--------
      5
(1 row)

 setval
--------
      5
(1 row)

ALTER TABLE
ALTER TABLE
ALTER TABLE
ERROR:  role "test_simple_user" does not exist
ERROR:  role "test_simple_user" does not exist

vagrant@vagrant:/var/lib$ docker exec -it postgres_NEW bash
root@95b30a0bf996:/# psql -U postgres
psql (12.10 (Debian 12.10-1.pgdg110+1))
Type "help" for help.

postgres=# \l
                                 List of databases
   Name    |  Owner   | Encoding |  Collate   |   Ctype    |   Access privileges
-----------+----------+----------+------------+------------+-----------------------
 postgres  | postgres | UTF8     | en_US.utf8 | en_US.utf8 |
 template0 | postgres | UTF8     | en_US.utf8 | en_US.utf8 | =c/postgres          +
           |          |          |            |            | postgres=CTc/postgres
 template1 | postgres | UTF8     | en_US.utf8 | en_US.utf8 | =c/postgres          +
           |          |          |            |            | postgres=CTc/postgres
 test_db   | postgres | UTF8     | en_US.utf8 | en_US.utf8 |
(4 rows)

postgres=# TABLE orders
postgres-# ;
 id | наименование | цена
----+--------------+------
  1 | Шоколад      |   10
  2 | Принтер      | 3000
  3 | Книга        |  500
  4 | Монитор      | 7000
  5 | Гитара       | 4000
(5 rows)

postgres=# TABLE clients;
 id |       фамилия        | страна_проживания | заказ
----+----------------------+-------------------+-------
  4 | Ронни Джеймс Дио     | Russia            |
  5 | Ritchie Blackmore    | Russia            |
  1 | Иванов Иван Иванович | USA               |     3
  2 | Петров Петр Петрович | Canada            |     4
  3 | Иоганн Себастьян Бах | Japan             |     5
(5 rows)
 ```

